{
    "0": {
        "train_loss": 0.9050098150968552,
        "val_loss": 0.8419529795646667
    },
    "1": {
        "train_loss": 0.824377121925354,
        "val_loss": 0.7962109446525574
    },
    "2": {
        "train_loss": 0.7725042814016342,
        "val_loss": 0.756816565990448
    },
    "3": {
        "train_loss": 0.7414303010702133,
        "val_loss": 0.732235848903656
    },
    "4": {
        "train_loss": 0.7237154704332351,
        "val_loss": 0.7167288064956665
    },
    "5": {
        "train_loss": 0.7129648250341415,
        "val_loss": 0.709483802318573
    },
    "6": {
        "train_loss": 0.7071488851308823,
        "val_loss": 0.70501309633255
    },
    "7": {
        "train_loss": 0.7034931373596192,
        "val_loss": 0.7020324468612671
    },
    "8": {
        "train_loss": 0.7010575956106186,
        "val_loss": 0.7000710964202881
    },
    "9": {
        "train_loss": 0.6993601334095001,
        "val_loss": 0.6986332535743713
    },
    "10": {
        "train_loss": 0.698069686293602,
        "val_loss": 0.6972423195838928
    },
    "11": {
        "train_loss": 0.6970515131950379,
        "val_loss": 0.6967231035232544
    },
    "12": {
        "train_loss": 0.6963895553350449,
        "val_loss": 0.6962412595748901
    },
    "13": {
        "train_loss": 0.6958816134929657,
        "val_loss": 0.6956626772880554
    },
    "14": {
        "train_loss": 0.6954791516065597,
        "val_loss": 0.6950411796569824
    },
    "15": {
        "train_loss": 0.6951564049720764,
        "val_loss": 0.6950182914733887
    }
}