{
    "0": {
        "train_loss": 0.8814251393079757,
        "val_loss": 0.8457016348838806
    },
    "1": {
        "train_loss": 0.8302350443601608,
        "val_loss": 0.8091529011726379
    },
    "2": {
        "train_loss": 0.7926325237751007,
        "val_loss": 0.7749740481376648
    },
    "3": {
        "train_loss": 0.7622534900903701,
        "val_loss": 0.7485172748565674
    },
    "4": {
        "train_loss": 0.7391483849287033,
        "val_loss": 0.7280710935592651
    },
    "5": {
        "train_loss": 0.7210317248106003,
        "val_loss": 0.7136383056640625
    },
    "6": {
        "train_loss": 0.7094762760400772,
        "val_loss": 0.70557701587677
    },
    "7": {
        "train_loss": 0.7018274331092834,
        "val_loss": 0.6961817741394043
    },
    "8": {
        "train_loss": 0.6964386945962906,
        "val_loss": 0.6946882605552673
    },
    "9": {
        "train_loss": 0.6925527453422546,
        "val_loss": 0.6918046474456787
    },
    "10": {
        "train_loss": 0.6895075696706772,
        "val_loss": 0.6887825727462769
    },
    "11": {
        "train_loss": 0.6874738323688507,
        "val_loss": 0.688332200050354
    },
    "12": {
        "train_loss": 0.6853771412372589,
        "val_loss": 0.6882874965667725
    },
    "13": {
        "train_loss": 0.6839179223775864,
        "val_loss": 0.6856878399848938
    },
    "14": {
        "train_loss": 0.6831909447908402,
        "val_loss": 0.6851484775543213
    },
    "15": {
        "train_loss": 0.6819681549072265,
        "val_loss": 0.6837739944458008
    }
}