{
    "cat_0": {
        "0": {
            "train_loss": 0.9050098150968552,
            "val_loss": 0.8419529795646667
        },
        "1": {
            "train_loss": 0.824377121925354,
            "val_loss": 0.7962109446525574
        },
        "2": {
            "train_loss": 0.7725042814016342,
            "val_loss": 0.756816565990448
        },
        "3": {
            "train_loss": 0.7414303010702133,
            "val_loss": 0.732235848903656
        },
        "4": {
            "train_loss": 0.7237154704332351,
            "val_loss": 0.7167288064956665
        },
        "5": {
            "train_loss": 0.7129648250341415,
            "val_loss": 0.709483802318573
        },
        "6": {
            "train_loss": 0.7071488851308823,
            "val_loss": 0.70501309633255
        },
        "7": {
            "train_loss": 0.7034931373596192,
            "val_loss": 0.7020324468612671
        },
        "8": {
            "train_loss": 0.7010575956106186,
            "val_loss": 0.7000710964202881
        },
        "9": {
            "train_loss": 0.6993601334095001,
            "val_loss": 0.6986332535743713
        },
        "10": {
            "train_loss": 0.698069686293602,
            "val_loss": 0.6972423195838928
        },
        "11": {
            "train_loss": 0.6970515131950379,
            "val_loss": 0.6967231035232544
        },
        "12": {
            "train_loss": 0.6963895553350449,
            "val_loss": 0.6962412595748901
        },
        "13": {
            "train_loss": 0.6958816134929657,
            "val_loss": 0.6956626772880554
        },
        "14": {
            "train_loss": 0.6954791516065597,
            "val_loss": 0.6950411796569824
        },
        "15": {
            "train_loss": 0.6951564049720764,
            "val_loss": 0.6950182914733887
        }
    },
    "cat_1": {
        "0": {
            "train_loss": 0.8389259254932404,
            "val_loss": 0.8033902645111084
        },
        "1": {
            "train_loss": 0.7838894319534302,
            "val_loss": 0.7665441036224365
        },
        "2": {
            "train_loss": 0.7503285259008408,
            "val_loss": 0.7389820218086243
        },
        "3": {
            "train_loss": 0.7289440578222275,
            "val_loss": 0.7220044732093811
        },
        "4": {
            "train_loss": 0.7157556229829788,
            "val_loss": 0.7118400931358337
        },
        "5": {
            "train_loss": 0.7073684048652649,
            "val_loss": 0.7051597237586975
        },
        "6": {
            "train_loss": 0.7018720406293869,
            "val_loss": 0.7008940577507019
        },
        "7": {
            "train_loss": 0.6983589953184128,
            "val_loss": 0.6980234980583191
        },
        "8": {
            "train_loss": 0.6959216839075089,
            "val_loss": 0.6954305171966553
        },
        "9": {
            "train_loss": 0.6942113369703293,
            "val_loss": 0.694321870803833
        },
        "10": {
            "train_loss": 0.6927585291862488,
            "val_loss": 0.6931535005569458
        },
        "11": {
            "train_loss": 0.6918977349996567,
            "val_loss": 0.6918730139732361
        },
        "12": {
            "train_loss": 0.690725423693657,
            "val_loss": 0.690619707107544
        },
        "13": {
            "train_loss": 0.6899575841426849,
            "val_loss": 0.6907669901847839
        },
        "14": {
            "train_loss": 0.6894210785627365,
            "val_loss": 0.6899498105049133
        },
        "15": {
            "train_loss": 0.6891732358932495,
            "val_loss": 0.6900961995124817
        }
    },
    "cat_2": {
        "0": {
            "train_loss": 0.8814251393079757,
            "val_loss": 0.8457016348838806
        },
        "1": {
            "train_loss": 0.8302350443601608,
            "val_loss": 0.8091529011726379
        },
        "2": {
            "train_loss": 0.7926325237751007,
            "val_loss": 0.7749740481376648
        },
        "3": {
            "train_loss": 0.7622534900903701,
            "val_loss": 0.7485172748565674
        },
        "4": {
            "train_loss": 0.7391483849287033,
            "val_loss": 0.7280710935592651
        },
        "5": {
            "train_loss": 0.7210317248106003,
            "val_loss": 0.7136383056640625
        },
        "6": {
            "train_loss": 0.7094762760400772,
            "val_loss": 0.70557701587677
        },
        "7": {
            "train_loss": 0.7018274331092834,
            "val_loss": 0.6961817741394043
        },
        "8": {
            "train_loss": 0.6964386945962906,
            "val_loss": 0.6946882605552673
        },
        "9": {
            "train_loss": 0.6925527453422546,
            "val_loss": 0.6918046474456787
        },
        "10": {
            "train_loss": 0.6895075696706772,
            "val_loss": 0.6887825727462769
        },
        "11": {
            "train_loss": 0.6874738323688507,
            "val_loss": 0.688332200050354
        },
        "12": {
            "train_loss": 0.6853771412372589,
            "val_loss": 0.6882874965667725
        },
        "13": {
            "train_loss": 0.6839179223775864,
            "val_loss": 0.6856878399848938
        },
        "14": {
            "train_loss": 0.6831909447908402,
            "val_loss": 0.6851484775543213
        },
        "15": {
            "train_loss": 0.6819681549072265,
            "val_loss": 0.6837739944458008
        }
    },
    "cat_3": {
        "0": {
            "train_loss": 0.9260368406772613,
            "val_loss": 0.8826651573181152
        },
        "1": {
            "train_loss": 0.8467912691831588,
            "val_loss": 0.8162423372268677
        },
        "2": {
            "train_loss": 0.7878387236595153,
            "val_loss": 0.7687956690788269
        },
        "3": {
            "train_loss": 0.7502785509824753,
            "val_loss": 0.7362004518508911
        },
        "4": {
            "train_loss": 0.7289205610752105,
            "val_loss": 0.7219789028167725
        },
        "5": {
            "train_loss": 0.7166688966751099,
            "val_loss": 0.7123797535896301
        },
        "6": {
            "train_loss": 0.7091482466459275,
            "val_loss": 0.7062938809394836
        },
        "7": {
            "train_loss": 0.7044689905643463,
            "val_loss": 0.7021064758300781
        },
        "8": {
            "train_loss": 0.7013915997743606,
            "val_loss": 0.6993362903594971
        },
        "9": {
            "train_loss": 0.6988137793540955,
            "val_loss": 0.6978405714035034
        },
        "10": {
            "train_loss": 0.6971384060382843,
            "val_loss": 0.6963731050491333
        },
        "11": {
            "train_loss": 0.6961069470643997,
            "val_loss": 0.6958754658699036
        },
        "12": {
            "train_loss": 0.6953808224201202,
            "val_loss": 0.6948217749595642
        },
        "13": {
            "train_loss": 0.6948736703395844,
            "val_loss": 0.6944306492805481
        },
        "14": {
            "train_loss": 0.6944921350479126,
            "val_loss": 0.6944558024406433
        },
        "15": {
            "train_loss": 0.6941631841659546,
            "val_loss": 0.6939270496368408
        }
    },
    "cat_4": {
        "0": {
            "train_loss": 0.9651195842027664,
            "val_loss": 0.9240077137947083
        },
        "1": {
            "train_loss": 0.8937090092897415,
            "val_loss": 0.8577077984809875
        },
        "2": {
            "train_loss": 0.8252857667207718,
            "val_loss": 0.8024687767028809
        },
        "3": {
            "train_loss": 0.7752612715959549,
            "val_loss": 0.7521288990974426
        },
        "4": {
            "train_loss": 0.7446938371658325,