{
    "0": {
        "train_loss": 0.9651195842027664,
        "val_loss": 0.9240077137947083
    },
    "1": {
        "train_loss": 0.8937090092897415,
        "val_loss": 0.8577077984809875
    },
    "2": {
        "train_loss": 0.8252857667207718,
        "val_loss": 0.8024687767028809
    },
    "3": {
        "train_loss": 0.7752612715959549,
        "val_loss": 0.7521288990974426
    },
    "4": {
        "train_loss": 0.7446938371658325,
        "val_loss": 0.7337559461593628
    },
    "5": {
        "train_loss": 0.7267443281412125,
        "val_loss": 0.7206789255142212
    },
    "6": {
        "train_loss": 0.7157589083909989,
        "val_loss": 0.7115277647972107
    },
    "7": {
        "train_loss": 0.7089613080024719,
        "val_loss": 0.7063629031181335
    },
    "8": {
        "train_loss": 0.7044731390476227,
        "val_loss": 0.7028345465660095
    },
    "9": {
        "train_loss": 0.7013724035024643,
        "val_loss": 0.7002556920051575
    },
    "10": {
        "train_loss": 0.699156504869461,
        "val_loss": 0.6992915272712708
    },
    "11": {
        "train_loss": 0.69755057990551,
        "val_loss": 0.696969211101532
    },
    "12": {
        "train_loss": 0.6963080549240113,
        "val_loss": 0.6961457133293152
    },
    "13": {
        "train_loss": 0.6953752517700196,
        "val_loss": 0.6938250660896301
    },
    "14": {
        "train_loss": 0.6946265590190888,
        "val_loss": 0.694518506526947
    },
    "15": {
        "train_loss": 0.6940135496854782,
        "val_loss": 0.6939881443977356
    }
}