{
    "0": {
        "train_loss": 0.9150682461261749,
        "val_loss": 0.874541163444519
    },
    "1": {
        "train_loss": 0.8308154499530792,
        "val_loss": 0.7997453212738037
    },
    "2": {
        "train_loss": 0.7721459871530533,
        "val_loss": 0.763698399066925
    },
    "3": {
        "train_loss": 0.7387275725603104,
        "val_loss": 0.728077232837677
    },
    "4": {
        "train_loss": 0.7213009476661683,
        "val_loss": 0.7154359221458435
    },
    "5": {
        "train_loss": 0.7117889624834061,
        "val_loss": 0.7085773944854736
    },
    "6": {
        "train_loss": 0.7057130092382431,
        "val_loss": 0.7033244371414185
    },
    "7": {
        "train_loss": 0.7022100228071213,
        "val_loss": 0.7010075449943542
    },
    "8": {
        "train_loss": 0.7000496739149094,
        "val_loss": 0.6992173790931702
    },
    "9": {
        "train_loss": 0.6984663015604019,
        "val_loss": 0.6977928280830383
    }
}