{
    "0": {
        "train_loss": 0.8389259254932404,
        "val_loss": 0.8033902645111084
    },
    "1": {
        "train_loss": 0.7838894319534302,
        "val_loss": 0.7665441036224365
    },
    "2": {
        "train_loss": 0.7503285259008408,
        "val_loss": 0.7389820218086243
    },
    "3": {
        "train_loss": 0.7289440578222275,
        "val_loss": 0.7220044732093811
    },
    "4": {
        "train_loss": 0.7157556229829788,
        "val_loss": 0.7118400931358337
    },
    "5": {
        "train_loss": 0.7073684048652649,
        "val_loss": 0.7051597237586975
    },
    "6": {
        "train_loss": 0.7018720406293869,
        "val_loss": 0.7008940577507019
    },
    "7": {
        "train_loss": 0.6983589953184128,
        "val_loss": 0.6980234980583191
    },
    "8": {
        "train_loss": 0.6959216839075089,
        "val_loss": 0.6954305171966553
    },
    "9": {
        "train_loss": 0.6942113369703293,
        "val_loss": 0.694321870803833
    },
    "10": {
        "train_loss": 0.6927585291862488,
        "val_loss": 0.6931535005569458
    },
    "11": {
        "train_loss": 0.6918977349996567,
        "val_loss": 0.6918730139732361
    },
    "12": {
        "train_loss": 0.690725423693657,
        "val_loss": 0.690619707107544
    },
    "13": {
        "train_loss": 0.6899575841426849,
        "val_loss": 0.6907669901847839
    },
    "14": {
        "train_loss": 0.6894210785627365,
        "val_loss": 0.6899498105049133
    },
    "15": {
        "train_loss": 0.6891732358932495,
        "val_loss": 0.6900961995124817
    }
}