{
    "0": {
        "train_loss": 0.9260368406772613,
        "val_loss": 0.8826651573181152
    },
    "1": {
        "train_loss": 0.8467912691831588,
        "val_loss": 0.8162423372268677
    },
    "2": {
        "train_loss": 0.7878387236595153,
        "val_loss": 0.7687956690788269
    },
    "3": {
        "train_loss": 0.7502785509824753,
        "val_loss": 0.7362004518508911
    },
    "4": {
        "train_loss": 0.7289205610752105,
        "val_loss": 0.7219789028167725
    },
    "5": {
        "train_loss": 0.7166688966751099,
        "val_loss": 0.7123797535896301
    },
    "6": {
        "train_loss": 0.7091482466459275,
        "val_loss": 0.7062938809394836
    },
    "7": {
        "train_loss": 0.7044689905643463,
        "val_loss": 0.7021064758300781
    },
    "8": {
        "train_loss": 0.7013915997743606,
        "val_loss": 0.6993362903594971
    },
    "9": {
        "train_loss": 0.6988137793540955,
        "val_loss": 0.6978405714035034
    },
    "10": {
        "train_loss": 0.6971384060382843,
        "val_loss": 0.6963731050491333
    },
    "11": {
        "train_loss": 0.6961069470643997,
        "val_loss": 0.6958754658699036
    },
    "12": {
        "train_loss": 0.6953808224201202,
        "val_loss": 0.6948217749595642
    },
    "13": {
        "train_loss": 0.6948736703395844,
        "val_loss": 0.6944306492805481
    },
    "14": {
        "train_loss": 0.6944921350479126,
        "val_loss": 0.6944558024406433
    },
    "15": {
        "train_loss": 0.6941631841659546,
        "val_loss": 0.6939270496368408
    }
}